{"cameraMode":{"drawMode":0,"name":"Shaded","section":"Shading Mode"},"sceneLighting":false,"audioPlay":false,"sceneViewState":{"m_AlwaysRefresh":false,"showFog":true,"showSkybox":false,"showFlares":true,"showImageEffects":true,"showParticleSystems":true,"showVisualEffectGraphs":true,"m_FxEnabled":true},"in2DMode":false,"pivot":{"x":-0.013500869274139405,"y":0.023238960653543474,"z":-0.022117143496870996},"rotation":{"x":-0.2818164527416229,"y":0.4493187665939331,"z":-0.15178963541984559,"w":-0.8341271281242371},"size":0.09238360822200775,"orthographic":false}