{"cameraMode":{"drawMode":0,"name":"Shaded","section":"Shading Mode"},"sceneLighting":false,"audioPlay":false,"sceneViewState":{"m_AlwaysRefresh":false,"showFog":true,"showSkybox":false,"showFlares":true,"showImageEffects":true,"showParticleSystems":true,"showVisualEffectGraphs":true,"m_FxEnabled":true},"in2DMode":false,"pivot":{"x":-0.013534113764762879,"y":0.1731988489627838,"z":-0.006321720778942108},"rotation":{"x":-0.07075491547584534,"y":-0.003892718581482768,"z":0.00028025201754644513,"w":-0.9975507259368897},"size":0.19252929091453553,"orthographic":false}