{"cameraMode":{"drawMode":0,"name":"Shaded","section":"Shading Mode"},"sceneLighting":false,"audioPlay":false,"sceneViewState":{"m_AlwaysRefresh":false,"showFog":true,"showSkybox":false,"showFlares":true,"showImageEffects":true,"showParticleSystems":true,"showVisualEffectGraphs":true,"m_FxEnabled":true},"in2DMode":false,"pivot":{"x":-0.06923365592956543,"y":0.3769145607948303,"z":0.2044544219970703},"rotation":{"x":-0.13936108350753785,"y":-0.0023868000134825708,"z":0.0003047854988835752,"w":-0.9902874231338501},"size":2.9627013206481935,"orthographic":false}