{"cameraMode":{"drawMode":0,"name":"Shaded","section":"Shading Mode"},"sceneLighting":false,"audioPlay":false,"sceneViewState":{"m_AlwaysRefresh":false,"showFog":true,"showSkybox":false,"showFlares":true,"showImageEffects":true,"showParticleSystems":true,"showVisualEffectGraphs":true,"m_FxEnabled":true},"in2DMode":false,"pivot":{"x":0.3756170868873596,"y":-2.5030088424682619,"z":2.870863437652588},"rotation":{"x":0.2879871726036072,"y":-0.06573670357465744,"z":0.019752444699406625,"w":0.9552437663078308},"size":11.44958782196045,"orthographic":false}